Unnamed: 0,dm_1,foto_1,straaling_1,temp_1,lai_1,meldug_1,lai_0,dm_2,foto_2,straaling_2,temp_2,lai_2,meldug_2,dm_3,foto_3,straaling_3,temp_3,lai_3,meldug_3,dm_4,foto_4,straaling_4,temp_4,lai_4,meldug_4,mikro_1,middel_1,mikro_2,middel_2,mikro_3,middel_3,nedboer_1,nedboer_2,nedboer_3,udbytte
1,0,0,0,0,0,0,0,0,0,0,0,0,0,0,0,0,0,0,0,0,0,0,0,0,0,0,0,0,0,0,0,0,0,0,0
2,1,1,0,1,1,1,1,1,1,1,1,1,1,1,1,1,0,1,1,1,1,0,0,0,0,1,1,0,1,1,1,1,1,1,1
3,2,0,1,0,1,2,2,2,2,0,2,2,2,2,2,1,1,1,2,2,1,1,0,0,0,2,2,1,0,1,1,1,1,1,2
4,0,2,0,0,2,1,2,3,3,2,0,1,0,3,3,1,0,2,0,3,2,0,1,0,0,0,2,0,2,1,2,0,2,1,2
5,3,3,1,1,3,2,2,4,4,2,2,3,3,4,2,0,0,2,3,4,1,1,0,0,0,1,1,2,0,2,1,2,0,0,3
6,1,0,1,1,2,1,2,5,3,2,3,2,0,5,0,1,0,1,0,5,3,1,2,0,0,3,0,1,0,1,1,0,2,2,4
7,4,3,2,2,3,2,2,1,3,2,0,3,3,1,1,0,2,2,3,6,4,0,0,0,0,1,1,1,0,3,1,1,1,1,5
8,5,4,1,3,4,3,0,2,3,2,0,0,0,6,0,0,0,0,0,7,4,0,0,0,0,1,2,3,2,1,1,1,1,2,6
9,5,5,1,2,1,1,1,0,5,2,0,3,4,7,2,0,0,2,0,1,5,1,0,0,0,1,3,0,2,0,0,2,2,0,1
10,5,4,1,1,1,0,1,6,3,2,0,1,1,8,4,0,1,2,0,8,5,1,2,0,0,3,1,3,2,0,2,0,1,2,7
11,6,0,0,1,0,4,2,7,6,2,3,0,0,9,5,0,1,3,0,9,6,1,0,1,0,0,3,2,2,1,3,2,0,2,8
12,7,1,1,1,4,0,0,8,4,0,0,0,0,10,0,1,0,3,0,10,0,0,2,0,0,3,0,0,3,2,3,0,1,0,9
13,6,0,0,2,0,0,2,9,7,3,3,4,0,11,6,0,2,3,0,11,7,0,1,1,0,3,2,3,3,2,2,0,0,0,10
14,8,6,1,3,3,0,3,10,8,0,2,3,5,12,7,0,2,2,3,8,1,1,2,0,0,1,1,0,1,1,1,1,2,1,7
15,7,1,0,1,2,3,2,5,3,2,0,2,5,13,0,1,0,1,0,2,3,0,2,0,0,1,2,2,0,1,3,2,0,1,2
16,5,5,1,1,5,2,3,11,8,2,0,5,0,14,8,1,2,4,0,12,3,1,1,2,0,2,0,0,0,1,0,1,2,1,11
17,7,1,0,1,1,5,2,0,2,2,0,3,1,8,3,1,1,2,2,13,4,0,1,0,1,0,2,3,1,1,3,0,0,2,5
18,9,5,1,3,2,1,2,12,4,0,0,2,0,15,1,1,2,0,0,8,2,1,0,0,0,3,0,0,0,3,2,2,1,1,7
19,2,1,1,2,0,5,0,1,1,1,0,2,1,8,1,0,2,1,1,3,6,0,0,0,0,2,0,2,1,3,1,1,0,2,12
20,10,3,0,2,5,6,4,4,0,0,3,5,3,16,9,1,2,4,4,14,8,1,0,2,2,1,0,1,1,2,1,1,1,0,13
21,11,4,1,1,4,4,2,2,9,0,0,0,0,2,1,1,1,3,0,0,6,0,0,1,0,1,2,0,3,1,0,1,1,2,0
22,9,6,1,1,1,0,1,11,4,0,0,1,0,17,10,0,2,1,0,10,4,0,1,0,0,0,2,3,1,1,2,0,0,2,12
23,12,2,0,0,1,5,4,2,4,2,0,3,1,18,2,1,0,2,5,15,9,2,0,2,0,0,2,1,1,3,0,2,2,1,14
24,9,6,2,1,2,5,2,8,5,2,0,2,2,17,11,1,2,0,0,16,4,1,1,0,0,3,1,1,0,1,2,0,1,2,15
25,13,7,1,1,6,6,0,13,10,2,3,6,4,19,12,1,0,4,0,17,10,0,0,2,0,3,1,1,2,1,0,0,2,2,16
26,2,0,0,2,3,2,4,14,5,3,0,3,1,5,11,0,2,1,0,7,1,1,2,0,0,0,2,0,2,1,2,0,2,1,6
27,4,3,2,3,2,0,4,11,2,0,2,2,4,20,0,0,2,1,1,13,4,0,0,0,0,1,3,2,0,3,0,1,0,2,17
28,5,4,0,1,3,5,3,8,4,2,2,3,2,1,3,1,0,2,5,18,1,0,1,0,0,0,1,2,1,1,0,2,0,1,18
29,14,8,3,1,2,4,4,15,1,1,2,2,0,18,7,2,1,0,0,2,4,0,2,0,0,2,1,0,0,1,0,2,2,1,2
30,2,0,0,3,1,4,1,14,5,2,1,1,0,21,1,1,2,1,0,3,4,2,0,0,0,0,0,2,1,3,2,0,1,2,2
31,4,3,0,2,5,6,4,16,11,0,2,6,3,22,13,1,0,4,0,17,11,1,0,2,0,1,2,1,2,2,0,1,2,0,16
32,15,9,0,1,6,6,2,16,1,0,0,6,2,23,14,1,2,5,5,19,10,1,0,2,0,0,2,0,1,3,3,0,2,1,19
33,7,1,3,1,3,5,1,4,1,2,2,6,6,24,14,0,2,5,5,20,9,1,1,2,0,3,3,1,2,3,1,2,2,1,20
34,9,5,1,1,3,7,1,1,4,2,3,3,0,4,4,1,0,2,0,21,12,1,1,0,0,2,2,1,0,1,2,1,2,1,17
35,7,4,1,1,2,1,2,0,2,0,0,4,5,3,0,2,2,0,0,22,5,1,0,0,0,1,1,1,2,3,0,1,1,2,21
36,8,6,1,2,1,3,1,1,2,2,0,1,0,10,5,1,2,1,0,2,2,1,0,0,0,2,1,0,1,2,3,1,2,0,4
37,11,5,1,1,0,4,2,11,0,0,2,4,0,2,11,0,1,3,0,23,13,2,0,1,0,0,2,1,1,1,1,0,2,2,22
38,10,3,2,1,1,5,4,17,5,2,0,3,3,25,7,0,2,2,0,6,1,1,2,0,0,3,2,3,3,2,1,0,0,2,5
39,11,4,0,3,2,1,4,18,3,3,1,1,3,2,2,0,0,2,0,16,6,0,0,0,1,1,1,0,3,1,2,2,1,1,15
40,11,4,1,2,4,4,0,19,4,0,2,0,0,25,15,1,0,3,0,10,12,1,1,1,0,3,2,0,2,3,3,0,1,2,9
41,11,5,1,2,4,8,0,18,6,2,0,4,0,13,11,0,2,0,0,7,1,1,2,0,0,2,1,1,0,1,0,2,2,2,6
42,4,10,2,0,5,6,1,13,12,2,3,7,6,26,14,1,0,5,6,24,11,0,1,2,0,0,3,1,0,3,1,0,2,1,23
43,5,5,1,2,4,1,0,12,0,0,0,4,5,15,2,1,1,0,5,25,2,0,2,0,0,1,1,1,1,3,1,0,1,1,24
44,11,4,1,2,0,0,2,18,6,2,1,2,0,21,7,0,2,0,0,26,7,1,2,1,0,2,0,0,1,3,3,1,1,2,25
45,8,3,0,3,6,6,2,20,13,2,0,7,6,26,14,1,0,5,4,27,9,1,1,2,3,1,3,3,1,0,1,1,1,0,26
46,5,5,1,3,1,5,1,15,5,3,2,1,5,25,7,0,0,1,0,5,4,1,0,0,0,1,0,2,0,1,0,0,0,2,4
47,8,6,0,3,5,6,4,10,8,0,2,5,7,27,12,0,0,4,7,28,5,0,0,2,4,3,0,1,0,0,2,0,2,2,27
48,16,1,0,2,0,3,0,15,2,0,2,4,5,5,10,0,0,0,2,29,5,1,0,0,0,0,2,2,1,1,1,0,0,2,9
49,17,10,2,1,5,0,3,21,1,2,2,6,8,28,9,3,2,4,7,30,9,1,0,2,0,3,3,1,3,3,0,0,1,2,28
50,2,1,0,2,0,4,2,22,9,2,2,4,0,29,15,0,0,0,0,26,4,1,2,1,0,3,1,3,0,3,0,0,0,2,25
51,7,4,0,1,0,1,2,22,9,2,2,4,2,30,16,0,0,0,0,31,1,2,2,0,0,2,1,1,3,0,2,1,2,0,29
52,9,5,1,1,0,3,2,17,2,0,0,4,0,10,5,0,0,3,0,0,7,0,2,1,0,1,2,3,2,0,0,1,0,0,30
53,8,5,2,0,4,3,2,19,3,2,3,4,0,17,5,0,2,0,0,32,0,1,1,0,0,2,1,2,2,1,0,1,0,2,0
54,3,3,1,1,5,5,3,12,2,2,0,5,7,31,2,1,2,2,5,22,6,0,1,0,0,0,3,2,0,3,3,0,1,2,21
55,11,5,1,1,2,8,4,14,6,2,0,2,0,3,7,1,1,0,0,33,5,0,2,0,0,2,2,1,3,1,2,1,1,2,31
56,18,11,0,1,0,8,2,23,9,2,1,4,0,5,1,1,0,0,0,16,2,1,0,0,0,0,0,3,2,1,0,2,0,2,15
57,9,6,1,1,3,1,1,24,1,0,0,5,7,4,7,0,0,2,1,8,4,2,0,0,3,2,3,1,3,1,2,1,1,1,7
58,3,3,2,1,2,3,4,0,9,2,2,4,0,10,15,0,0,0,0,16,4,1,0,0,0,2,0,2,1,2,0,2,0,2,15
59,9,6,2,1,4,3,0,12,4,0,3,4,7,20,15,0,0,0,3,33,0,2,0,0,0,3,3,1,2,0,3,0,1,2,31
60,4,3,1,1,3,7,3,4,4,2,0,1,0,32,3,1,1,1,0,8,6,2,0,0,0,0,1,3,1,1,1,0,1,1,7
61,1,0,0,1,2,5,2,19,0,0,0,1,4,15,4,1,0,2,3,22,6,2,2,0,1,0,3,2,0,2,2,0,0,2,21
62,9,4,1,1,2,7,4,18,6,2,2,2,5,6,0,1,0,0,0,32,4,1,0,0,0,3,3,3,3,3,0,0,0,1,6
63,11,5,1,1,2,3,4,6,5,2,0,2,0,0,11,1,0,0,0,16,4,1,2,0,0,0,0,2,1,0,0,2,0,2,15
64,3,3,2,1,2,4,4,25,4,0,0,2,0,1,15,0,0,0,0,25,3,0,0,0,0,0,0,2,2,1,2,0,0,2,24
65,2,1,0,1,0,3,2,19,0,0,0,4,1,13,10,0,2,0,0,34,12,0,2,0,0,3,1,3,0,1,2,0,0,2,25
66,11,5,1,2,4,3,0,0,3,2,3,0,0,13,5,1,0,3,0,9,14,2,1,1,0,2,1,1,2,3,2,1,1,1,8
67,18,11,0,2,0,0,2,5,4,0,0,4,5,13,0,1,2,0,0,26,12,0,0,0,0,1,1,0,0,1,2,2,2,1,25
68,11,5,0,1,1,2,2,12,0,0,2,3,7,33,13,0,0,4,7,35,10,0,0,2,1,2,3,2,1,3,1,1,1,2,32
69,19,9,1,3,6,6,2,26,14,3,2,7,7,34,14,1,2,5,1,27,9,1,1,2,0,1,1,2,3,0,3,2,1,0,26
70,0,2,0,2,0,0,2,18,4,0,0,2,0,10,15,0,0,1,0,2,1,1,1,0,2,3,2,0,1,1,2,0,1,2,2
71,3,3,1,1,3,5,1,10,8,0,1,5,2,35,13,0,0,4,0,36,10,0,0,2,0,1,1,3,0,1,1,2,0,2,32
72,9,5,0,3,0,7,2,19,2,0,3,2,0,7,7,2,0,1,0,2,12,0,0,0,0,2,0,1,3,1,0,2,1,1,2
73,0,2,0,1,0,1,2,14,5,0,0,0,2,0,15,1,0,0,0,0,12,0,1,0,0,1,1,3,1,3,2,1,0,2,30
74,11,5,1,1,1,0,1,15,2,2,2,1,0,7,1,0,0,1,0,1,5,0,0,0,0,2,1,1,3,1,2,1,2,1,1
75,11,5,1,0,0,3,2,8,2,2,0,4,0,25,7,0,1,0,0,33,4,0,0,0,0,0,2,0,3,2,3,0,1,0,31
76,7,4,0,1,1,4,1,27,9,2,1,1,0,29,0,0,2,1,0,37,6,2,0,0,0,0,1,0,1,3,2,0,2,2,29
77,5,1,1,1,2,8,2,12,0,0,3,1,0,15,2,1,2,2,0,1,4,1,0,0,0,3,0,2,2,2,2,0,0,2,1
78,11,4,0,1,1,3,1,15,5,2,0,3,8,36,17,1,0,2,1,38,3,1,2,0,0,1,3,0,3,1,3,2,1,1,33
79,17,10,1,1,6,6,2,28,10,2,0,6,4,37,18,0,2,5,3,39,9,0,1,2,0,2,2,2,2,1,0,2,1,1,34
80,10,3,2,0,2,1,2,11,0,0,2,3,8,32,4,1,0,2,3,38,5,1,1,0,0,2,3,3,2,3,0,1,0,1,33
81,1,0,1,1,0,8,2,3,6,3,3,4,0,38,0,3,1,3,0,23,12,0,0,0,0,2,1,2,0,1,0,1,1,2,35
82,8,6,1,2,2,5,0,25,8,2,2,5,6,33,13,1,1,4,5,35,9,0,2,2,0,2,3,2,3,0,0,1,0,2,36
83,18,11,3,1,3,2,2,22,5,2,2,3,5,0,1,1,0,2,2,2,5,1,0,0,0,2,0,0,1,1,1,2,1,2,2
84,7,1,3,1,1,7,1,18,5,2,0,1,5,10,7,0,0,1,0,22,2,1,0,0,0,2,3,3,1,2,1,1,0,0,21
85,7,1,0,1,2,3,2,18,5,0,0,2,1,2,2,1,1,1,7,5,4,1,0,0,2,0,3,1,1,0,0,0,1,0,4
86,11,5,1,1,1,0,4,12,0,0,3,1,0,25,0,0,1,1,0,7,7,0,1,0,0,2,1,2,1,0,2,2,1,0,6
87,3,3,2,1,3,6,2,29,8,0,0,5,7,39,4,3,0,4,2,40,0,1,1,0,0,2,1,1,0,1,0,2,1,1,37
88,20,9,2,1,6,6,1,30,1,0,2,6,1,40,19,2,0,4,0,41,3,1,1,2,0,2,2,1,0,0,3,1,2,2,38
89,4,3,2,2,2,5,4,25,2,0,2,2,1,4,2,2,1,1,0,8,4,0,0,0,0,3,0,0,0,3,3,0,1,1,18
90,21,12,2,1,7,6,1,31,13,0,1,7,1,34,20,1,0,5,0,27,9,1,1,2,0,2,0,0,3,1,2,1,2,2,26
91,2,1,1,1,1,0,1,22,3,2,0,1,0,5,15,1,0,1,0,42,0,0,0,0,0,1,2,0,2,1,3,1,1,1,39
92,17,10,2,1,0,0,2,11,5,2,0,2,4,31,1,1,1,1,0,43,5,0,1,0,0,2,3,2,2,1,3,2,0,1,24
93,0,2,0,1,2,4,2,3,3,0,0,2,0,5,15,1,1,1,0,34,0,0,0,0,0,0,1,0,0,0,2,2,2,0,39
94,2,0,0,3,0,5,2,0,4,0,3,0,0,3,0,0,1,3,0,42,12,0,1,0,0,3,0,1,3,1,3,0,1,1,30
95,5,5,1,2,2,4,4,18,3,2,2,4,5,6,0,0,0,0,0,7,4,0,0,0,0,1,3,2,3,3,2,2,1,2,6
96,5,4,0,3,1,0,1,17,4,2,0,3,5,32,8,2,1,2,0,18,7,2,1,0,0,3,0,3,0,0,0,2,0,0,18
97,2,1,1,1,1,1,4,15,4,0,2,1,1,21,7,1,1,1,0,2,1,0,2,0,0,2,2,1,2,1,1,1,1,2,2
98,11,5,0,2,3,5,1,11,0,0,0,3,0,41,2,0,0,2,0,40,5,1,1,0,0,1,2,0,3,3,2,1,2,1,40
99,1,0,0,1,0,3,2,18,5,0,2,4,0,6,11,3,0,0,0,34,6,0,0,0,0,1,0,1,2,1,3,1,1,2,39
100,10,3,1,1,5,2,1,21,10,3,0,6,4,42,20,1,0,5,2,17,15,0,1,2,3,3,2,2,2,0,2,2,0,2,16
101,4,10,0,1,6,6,1,32,1,2,1,6,7,43,13,3,0,4,0,44,9,1,0,2,0,1,1,0,3,3,3,2,1,2,41
102,9,5,1,2,0,8,2,17,2,0,2,0,0,17,10,1,2,3,0,0,12,0,0,1,0,1,0,0,1,3,3,2,2,0,0
103,3,3,0,1,5,4,3,29,8,0,2,5,0,28,8,0,0,4,0,45,15,1,1,2,0,3,2,2,3,3,1,0,0,2,42
104,9,5,1,1,3,5,1,10,1,1,0,3,1,31,0,0,2,1,3,13,0,0,0,0,0,1,2,0,1,2,2,1,2,0,17
105,16,4,1,1,3,2,2,19,0,0,2,3,2,7,1,3,0,2,0,13,2,1,0,0,0,1,1,0,2,1,2,2,2,2,17
106,11,5,1,2,2,5,2,14,6,3,0,2,3,17,7,1,1,1,2,2,1,1,2,0,1,2,2,3,1,0,2,0,0,2,2
107,4,10,1,0,5,2,1,24,0,0,1,5,1,1,15,0,0,2,0,18,2,0,1,0,0,0,2,0,2,1,0,0,2,1,18
108,11,4,0,3,3,2,2,11,0,2,2,3,4,41,2,0,2,2,5,15,3,1,0,0,2,1,0,1,0,3,3,0,2,1,14
109,6,2,0,1,4,3,2,7,9,0,1,0,0,29,15,1,0,6,0,31,6,1,0,1,0,0,2,0,3,1,1,0,1,1,22
110,7,4,1,1,2,7,1,15,4,0,0,1,4,21,15,0,0,1,3,16,6,0,1,0,1,1,3,1,0,3,2,1,1,1,15
111,8,6,2,1,2,4,2,11,0,1,1,1,0,1,7,1,0,1,0,8,5,0,2,0,0,1,2,1,2,1,1,1,1,2,7
112,10,6,0,3,1,0,1,11,2,2,3,1,5,4,2,1,0,1,0,8,0,1,1,0,0,3,2,1,0,1,3,0,2,2,18
113,16,4,1,1,1,7,4,27,9,3,0,1,0,13,15,0,0,1,0,16,1,0,0,0,0,2,1,1,1,1,2,2,2,1,6
114,16,4,1,0,3,5,1,12,8,0,0,5,5,44,9,0,1,4,2,46,9,0,2,2,0,2,2,0,1,0,1,0,2,2,43
115,22,13,3,1,2,8,1,7,5,2,2,2,0,45,7,1,0,1,0,47,12,0,0,0,0,1,0,1,0,0,0,2,1,0,44
116,9,5,1,1,1,0,1,8,2,2,2,1,0,20,1,1,1,1,0,13,1,1,0,0,0,0,1,0,3,1,0,0,1,2,5
117,2,0,1,0,2,1,2,6,2,2,3,2,1,0,0,0,1,1,6,0,12,0,0,0,5,3,0,1,1,0,1,0,2,0,0
118,8,3,2,1,2,7,1,15,3,3,3,4,0,46,16,0,2,0,0,47,0,0,2,0,0,2,1,2,2,3,0,2,0,2,44
119,3,3,2,0,3,1,1,25,0,2,3,3,5,31,15,0,0,2,1,13,0,0,2,0,6,0,1,1,1,0,2,0,2,0,5
120,16,4,1,1,4,7,2,0,2,0,3,4,1,21,15,1,0,1,0,16,12,0,0,0,0,2,3,1,0,3,2,1,2,2,15
121,2,1,0,0,1,5,4,5,5,2,0,1,7,2,2,1,1,2,7,5,1,0,0,0,2,2,3,0,1,0,1,1,1,2,4
122,2,0,1,0,2,1,4,15,4,0,2,1,0,25,1,1,0,1,0,10,12,0,0,0,0,0,1,1,2,0,3,0,1,0,12
123,7,1,1,1,2,1,2,8,0,0,2,2,0,20,2,1,0,1,0,21,2,1,0,0,0,3,0,3,2,2,2,0,0,2,17
124,6,2,0,1,2,4,2,33,7,2,1,2,0,47,0,1,2,0,0,37,1,0,1,0,0,3,3,0,2,2,2,0,0,2,29
125,18,11,3,1,3,3,3,15,1,0,2,5,0,39,13,1,2,4,0,48,3,0,1,2,0,2,1,2,0,1,1,2,0,2,45
126,10,3,1,2,3,2,4,34,12,0,1,7,6,48,14,1,0,5,5,49,10,1,1,2,0,3,3,0,2,3,1,2,2,2,23
127,16,1,1,1,0,4,2,6,5,2,0,0,0,29,10,1,0,6,0,50,7,0,0,1,0,3,2,0,2,3,2,0,0,1,35
128,9,5,1,2,1,8,3,12,0,0,0,1,0,21,11,0,2,1,3,10,4,1,0,0,0,1,2,1,1,3,0,2,2,1,12
129,3,3,0,1,5,2,4,29,1,0,2,5,1,4,7,1,2,2,0,22,7,2,1,0,0,1,0,1,2,0,1,2,1,0,21
130,0,2,3,2,0,4,2,27,5,2,0,2,0,5,15,1,2,1,0,16,1,1,2,0,0,0,1,0,3,3,2,0,2,2,15
131,3,6,2,1,1,2,2,25,4,0,2,1,4,4,2,0,1,2,2,51,2,1,1,0,0,0,3,1,0,1,3,0,2,1,40
132,10,6,1,1,2,1,2,15,3,3,2,2,1,13,5,1,0,0,1,26,12,1,1,0,0,1,2,0,1,3,1,2,2,1,25
133,1,0,0,1,3,2,4,17,8,2,2,5,8,15,3,1,0,2,5,2,7,0,1,0,1,0,3,0,1,1,1,0,1,2,4
134,23,8,3,2,0,7,2,7,5,2,1,4,0,49,10,0,0,0,0,50,1,1,0,0,0,2,3,3,0,1,3,2,0,2,35
135,3,3,2,1,1,1,1,25,4,2,0,3,0,36,3,1,0,2,0,43,1,0,2,0,0,2,2,3,2,3,3,1,1,1,24
136,21,12,0,1,7,6,2,31,13,0,0,7,0,50,21,3,1,5,0,52,10,1,1,2,0,0,0,3,1,1,3,0,0,1,19
137,10,6,0,1,3,0,3,25,0,0,3,3,0,41,1,0,0,2,0,12,9,0,0,2,0,2,0,2,0,1,3,2,0,1,45
138,9,5,0,1,5,2,1,25,8,2,2,5,2,20,15,0,0,2,0,21,1,0,2,0,0,1,2,1,3,0,2,2,0,0,17
139,20,7,3,3,6,6,1,26,14,3,0,7,6,50,21,1,0,5,7,24,9,1,1,2,1,3,3,0,0,0,0,0,2,0,26
140,6,2,0,1,4,7,2,2,4,0,2,0,5,13,11,0,1,0,0,53,0,1,1,0,0,0,3,1,2,0,1,0,0,0,46
141,5,5,0,1,5,2,1,24,10,0,2,6,8,51,19,1,0,4,2,46,3,2,0,2,0,2,3,0,3,1,1,2,2,2,43
142,5,4,1,3,4,3,0,0,5,2,0,0,0,45,10,0,2,3,0,7,2,0,2,0,0,1,0,1,2,2,2,2,2,2,6
143,0,2,0,0,1,2,0,0,8,2,0,5,8,16,13,2,0,4,5,46,9,0,0,2,0,0,3,0,0,2,0,0,2,2,43
144,1,0,3,2,2,1,0,14,3,2,2,2,1,0,15,1,0,0,0,33,3,1,0,0,0,0,3,1,3,3,1,0,1,1,31
145,16,4,1,1,1,4,3,0,2,0,0,1,0,21,7,0,0,1,0,16,12,0,0,0,0,2,0,1,3,3,2,1,2,2,15
146,14,11,0,1,2,5,2,15,1,0,2,5,8,12,9,0,0,4,8,12,11,0,0,2,2,1,3,1,1,1,0,1,2,2,11
147,16,1,0,1,2,0,2,17,0,0,2,2,0,7,7,1,0,0,0,5,0,0,0,0,0,0,2,1,0,1,0,0,2,2,4
148,19,7,1,3,6,6,4,31,13,2,0,7,6,34,14,1,0,5,2,24,8,2,1,2,0,1,3,3,3,1,1,1,1,1,23
149,8,6,1,1,1,5,2,25,0,0,0,3,7,32,4,0,2,4,8,45,11,0,0,2,2,2,3,1,1,2,0,1,2,2,42
150,8,6,1,3,3,5,1,12,4,2,2,3,0,36,4,1,0,2,0,1,12,0,2,0,0,3,0,0,3,1,3,2,2,1,1
151,15,14,1,0,7,6,1,31,13,2,2,7,1,34,14,0,0,5,0,24,8,2,0,2,0,2,0,1,0,2,3,1,1,0,23
152,9,5,1,1,0,3,2,19,5,2,0,2,0,21,15,1,2,1,0,13,3,1,2,0,0,3,1,0,0,1,2,0,2,1,5
153,16,4,1,3,2,2,2,6,2,0,2,2,1,0,0,0,0,0,0,37,7,0,1,0,0,3,1,3,0,3,2,0,0,0,29
154,10,3,1,1,5,2,1,17,2,3,0,5,1,31,3,0,0,2,0,4,5,0,1,0,0,0,1,1,2,1,2,0,1,0,7
155,17,10,2,1,0,7,2,24,4,0,2,2,0,25,11,1,0,0,0,33,1,0,2,0,0,0,3,3,1,0,2,0,0,2,31
156,7,4,1,1,0,7,2,15,4,0,2,4,0,18,7,1,0,0,0,21,3,1,0,0,0,0,2,0,3,3,2,0,1,2,17
157,6,0,1,0,1,2,2,6,2,2,0,1,5,7,2,1,0,2,0,54,2,0,2,0,0,2,0,1,2,3,2,2,1,2,47
158,11,5,1,2,0,7,2,1,4,0,2,4,0,18,11,0,1,0,0,16,6,0,1,0,0,2,2,0,2,1,1,1,2,1,15
159,11,5,1,1,2,2,0,2,3,2,2,2,1,10,7,1,0,0,0,2,1,1,2,0,0,3,0,1,0,1,3,0,1,2,4
160,20,7,2,0,5,6,2,21,0,2,2,5,4,51,8,1,1,4,3,41,11,1,0,2,1,0,1,1,3,0,2,2,2,2,38
161,8,6,1,0,1,3,4,1,4,2,0,3,0,4,4,1,0,2,0,51,5,1,1,0,0,0,1,1,0,0,3,2,1,0,40
162,16,4,1,1,2,0,4,0,5,0,0,2,0,20,2,2,0,1,0,6,4,1,2,0,0,3,1,1,1,2,3,2,1,2,5
163,11,5,1,1,2,1,4,18,9,2,0,2,0,5,0,0,2,1,0,26,12,0,0,0,0,0,2,1,2,2,3,0,2,0,25
164,7,4,1,1,2,7,4,19,4,0,3,2,0,18,15,0,0,0,0,21,5,1,0,0,0,2,1,2,2,2,1,1,0,0,47
165,10,6,1,1,0,7,2,15,9,2,0,2,0,0,0,0,0,1,0,29,4,2,0,0,0,3,2,0,3,0,3,0,2,0,9
166,1,1,0,2,3,2,2,15,0,0,0,3,4,12,17,2,0,2,3,40,2,1,0,0,0,1,0,3,0,1,3,1,0,1,37
167,8,6,1,1,3,2,2,15,3,2,2,1,2,20,1,1,2,1,0,6,1,1,0,0,0,2,1,3,3,1,3,1,0,1,5
168,8,6,0,3,3,0,3,12,0,2,2,3,0,41,1,1,0,1,0,6,12,1,1,0,0,1,0,2,0,3,2,1,0,2,5
169,16,4,1,1,1,1,3,3,7,3,1,1,2,13,7,2,0,1,0,34,0,0,0,0,0,1,1,0,2,0,3,2,1,0,39
170,11,5,1,1,2,4,4,8,2,0,0,4,0,2,0,0,1,0,0,6,2,1,1,0,0,2,2,1,1,0,0,2,1,2,5
171,1,0,1,1,4,7,2,14,5,2,0,4,0,21,1,2,2,0,0,33,2,0,0,0,0,0,0,0,2,3,2,0,2,2,31
172,4,3,2,2,0,7,4,15,9,2,0,4,0,2,15,1,0,0,2,42,16,2,1,0,0,0,2,1,1,0,3,0,1,2,30
173,8,6,2,1,1,7,4,0,9,2,0,1,0,18,1,1,0,1,0,33,1,0,1,0,0,2,0,1,3,0,0,1,1,2,31
174,9,5,1,1,2,5,0,1,4,0,0,2,1,41,2,1,2,1,0,25,2,2,0,0,0,2,2,3,0,3,3,1,0,2,3
175,5,4,0,0,3,3,1,17,4,0,1,3,0,31,2,2,0,2,0,4,5,0,2,0,0,2,1,0,3,3,0,2,1,1,3
176,9,6,1,3,1,3,1,19,2,2,1,3,5,36,4,1,1,2,0,8,0,1,1,0,0,1,1,0,0,1,3,0,2,2,7
177,16,4,0,1,5,2,1,25,1,0,3,5,2,52,12,1,2,4,0,35,10,1,1,2,0,3,0,2,3,2,0,2,1,0,36
178,1,0,1,1,2,7,4,5,5,2,2,2,0,46,10,0,2,0,0,26,4,0,1,0,0,3,1,0,0,2,1,0,2,2,46
179,17,10,2,1,3,6,0,29,4,2,0,5,8,53,21,2,0,4,5,55,9,1,0,2,7,0,3,0,1,0,2,0,2,0,16
180,2,0,0,1,2,8,2,15,4,0,0,2,0,6,5,0,2,0,0,32,4,0,2,0,0,1,2,1,1,1,0,1,2,1,0
181,8,6,1,3,0,8,2,6,3,2,2,4,2,6,0,0,1,1,5,29,4,1,0,0,5,2,3,0,1,0,3,2,2,0,9
182,5,4,1,2,0,3,2,0,5,0,3,4,2,17,11,1,2,3,0,37,14,0,2,1,0,0,3,1,0,0,2,0,1,0,29
183,9,5,1,1,2,1,2,1,4,0,2,1,0,12,3,1,0,2,2,21,0,0,0,0,3,1,2,1,1,0,2,1,2,2,17
184,8,5,1,1,3,6,2,1,4,0,1,3,2,31,2,3,0,2,0,56,9,0,1,2,0,0,1,0,0,0,1,0,2,0,48
185,11,4,0,0,3,0,3,8,2,2,3,3,0,7,7,1,2,2,0,43,8,1,2,2,0,2,0,2,0,3,2,1,0,1,37
186,11,4,1,3,0,8,2,15,2,0,2,0,0,45,10,0,0,6,0,9,7,0,1,1,0,1,0,1,2,3,2,1,1,2,49
187,9,6,1,1,3,1,3,19,4,2,2,3,2,41,4,1,2,2,0,1,0,0,1,0,0,2,1,3,1,3,1,1,0,2,1
188,10,3,2,1,1,2,2,0,3,2,1,1,3,20,2,1,2,1,2,3,12,1,1,0,0,1,2,0,0,2,0,2,1,0,12
189,5,4,1,1,1,1,1,15,2,2,1,3,8,3,0,0,0,2,5,3,2,1,1,0,0,2,3,0,0,0,0,1,2,2,12
190,1,0,0,1,1,2,2,0,4,0,0,3,3,20,2,1,2,2,0,54,1,2,0,0,0,0,1,0,2,2,1,0,1,0,47
191,6,2,0,0,0,4,2,9,6,3,3,2,0,46,15,0,0,1,0,34,4,1,0,0,0,2,0,1,1,3,0,2,2,2,25
192,5,4,1,0,1,7,1,8,4,0,2,1,0,25,1,1,0,1,0,2,0,1,0,0,0,2,0,0,0,3,3,2,1,1,4
193,7,1,1,1,1,2,2,14,3,2,1,1,1,29,11,3,0,1,0,7,2,1,0,0,0,1,0,1,2,1,1,1,1,2,6
194,11,5,1,0,3,8,3,17,4,2,0,5,0,7,15,0,2,2,0,33,1,2,2,0,0,2,0,2,2,2,3,1,0,0,31
195,1,0,1,1,4,4,2,27,9,2,0,0,0,45,0,0,0,3,0,37,12,0,0,1,0,0,2,1,2,1,1,0,1,2,44
196,1,0,0,0,3,5,3,12,1,0,3,3,0,7,7,1,1,2,0,38,9,0,1,2,0,0,0,1,3,0,0,2,1,2,33
197,5,4,1,1,2,1,2,15,2,2,3,2,4,8,3,1,1,1,2,6,0,0,2,0,0,1,3,1,0,0,3,1,2,2,5
198,16,4,1,0,2,0,4,27,9,2,0,2,1,0,7,2,1,0,0,16,1,1,1,0,0,2,3,3,3,1,0,2,0,2,15
199,7,1,0,3,2,2,2,6,2,3,2,3,8,20,2,0,0,2,5,18,3,1,0,0,0,1,3,2,0,0,0,1,0,0,18
200,4,10,2,1,1,7,1,12,2,2,0,3,0,16,9,0,1,2,0,38,1,0,0,0,1,2,3,1,3,1,2,1,2,1,33
201,11,4,1,1,3,0,3,12,0,0,0,5,8,12,3,1,2,4,3,48,10,1,2,2,0,1,3,3,2,1,1,1,1,2,45
202,6,0,3,2,0,3,2,6,2,0,2,1,7,54,14,0,1,5,8,57,9,0,2,2,3,1,3,2,1,1,0,1,0,2,50
203,5,4,1,2,1,4,1,17,4,0,1,3,5,12,3,0,0,2,0,51,2,1,1,0,0,3,3,0,3,0,2,0,2,0,40
204,2,1,0,1,3,5,1,0,2,2,3,3,0,2,7,0,2,2,0,2,0,1,2,0,0,0,2,2,3,2,2,0,1,0,2
205,5,5,1,1,3,2,4,8,5,3,3,3,5,1,3,0,1,2,0,1,2,1,0,0,0,3,0,2,3,0,2,0,1,2,1
206,5,4,1,1,2,5,4,12,0,0,2,4,5,21,11,1,0,0,5,3,0,2,0,0,1,2,0,2,1,1,3,1,0,1,2
207,2,0,0,1,2,0,4,8,4,0,2,2,5,21,0,1,1,0,0,10,4,0,0,0,0,3,0,0,0,1,1,0,2,2,12
208,6,0,1,1,0,0,2,5,5,0,1,4,0,0,15,0,2,1,0,2,5,1,0,0,0,2,1,0,0,1,2,2,2,1,4
209,1,1,1,0,2,5,2,6,2,0,2,1,7,5,5,3,0,1,5,10,5,1,2,0,6,2,3,1,2,0,2,1,1,2,12
210,16,4,1,2,2,7,2,12,0,0,2,1,0,31,1,1,1,1,0,13,0,0,2,0,0,3,0,1,3,1,3,0,2,1,17
211,7,1,1,1,2,4,4,0,2,0,0,4,0,18,7,0,0,0,0,6,1,1,0,0,0,2,2,2,3,1,1,2,0,1,5
212,14,8,3,0,2,1,4,7,5,0,0,2,1,46,15,1,2,1,0,31,6,0,2,0,0,0,0,1,3,2,0,0,1,0,29
213,9,5,1,1,1,0,1,12,4,2,2,3,4,15,1,1,2,2,0,4,5,1,0,0,0,2,3,2,2,1,2,0,1,2,3
214,1,0,1,1,0,1,2,23,6,2,0,0,1,5,7,1,1,3,0,58,14,1,1,1,0,2,1,0,3,1,0,0,1,1,49
215,19,10,2,3,0,8,2,12,3,2,2,4,0,17,10,0,1,3,0,31,14,2,0,1,0,1,2,1,2,0,0,2,2,0,22
216,10,6,1,3,1,3,3,24,0,1,0,1,1,12,1,1,2,1,0,43,2,1,0,0,0,1,1,2,0,1,1,1,1,2,37
217,7,0,0,1,0,5,2,18,3,0,0,2,2,17,7,1,2,1,0,16,4,2,0,0,0,3,2,3,3,3,0,0,0,2,15
218,9,5,1,1,1,7,1,19,2,0,2,2,0,2,0,1,0,1,0,13,5,0,0,0,0,1,2,1,0,1,2,0,1,1,17
219,4,10,2,1,3,2,2,4,0,2,3,3,2,4,1,3,0,2,2,1,0,0,2,0,0,2,1,2,0,0,1,2,0,0,1
220,16,4,1,0,2,1,4,2,3,2,0,1,5,20,3,1,0,2,0,6,4,0,0,0,0,2,1,3,0,3,0,1,0,1,5
221,11,5,1,3,0,8,2,6,3,2,0,2,2,3,15,1,1,0,0,29,4,1,1,0,0,1,3,0,3,1,0,2,2,0,9
222,7,1,1,2,2,4,1,0,2,0,1,4,0,55,22,3,0,3,0,59,16,0,0,1,0,3,1,3,1,0,0,0,0,0,51
223,11,5,1,1,1,3,3,12,4,0,0,1,3,20,15,0,0,1,0,3,12,0,2,0,0,2,3,0,3,1,0,1,1,2,12
224,1,0,0,0,2,8,4,2,2,0,0,1,0,3,7,1,0,1,0,34,7,2,0,0,0,2,1,1,1,3,2,1,1,1,39
225,3,3,0,0,6,6,4,34,12,3,0,7,6,56,23,1,1,5,5,39,10,1,1,2,0,2,3,1,2,1,1,2,1,2,34
226,2,1,0,0,2,3,1,18,2,0,1,2,2,3,15,1,0,1,0,10,1,0,0,0,0,2,3,0,0,0,1,2,2,2,12
227,1,1,0,1,2,1,4,27,9,2,2,2,0,47,10,3,2,1,0,53,4,1,1,0,0,2,0,1,2,1,2,1,2,2,46
228,2,1,1,1,2,1,4,27,3,2,3,2,5,0,7,0,0,1,0,3,1,0,2,0,0,2,2,1,0,1,0,1,2,1,12
229,10,3,2,2,0,3,2,19,5,2,3,4,0,25,15,1,1,0,0,32,7,1,2,1,0,3,0,1,0,0,1,0,1,2,6
230,11,5,0,1,3,5,3,19,2,0,2,1,1,41,4,1,0,2,0,22,7,0,0,0,0,3,0,2,0,0,1,0,0,2,21
231,11,5,1,2,2,0,1,12,0,1,1,2,3,2,5,0,0,0,0,26,14,2,1,0,0,0,3,0,0,3,2,0,1,0,25
232,2,1,1,3,0,4,2,15,4,0,0,4,0,6,5,0,2,0,0,0,0,1,0,0,0,1,2,1,0,2,2,1,2,0,30
233,7,1,0,1,2,5,2,8,4,0,0,1,4,21,15,1,0,1,0,5,1,1,0,0,0,0,3,3,0,3,3,0,0,0,4
234,11,4,1,2,2,5,2,24,10,2,2,6,6,22,18,0,2,5,4,60,11,1,1,2,3,1,3,2,0,3,3,0,0,1,52
235,6,2,0,0,0,0,2,15,8,1,0,0,0,17,11,0,2,3,0,29,4,2,0,0,0,2,1,3,0,3,3,1,0,2,9
236,8,6,1,3,3,3,3,4,0,2,2,5,1,41,7,0,0,2,0,8,4,0,0,0,0,1,1,1,2,2,1,0,2,2,7
237,19,7,2,1,5,6,0,32,8,0,0,5,1,43,12,0,0,4,0,44,9,1,2,2,0,1,2,2,2,3,1,1,0,2,50
238,9,6,1,1,5,6,2,12,0,0,0,5,0,8,7,0,0,2,0,61,9,1,0,2,0,3,0,1,3,3,2,0,1,1,53
239,17,3,2,1,3,3,1,4,4,0,0,3,2,36,2,1,1,2,2,4,0,0,1,0,7,2,3,0,1,0,2,1,2,2,7
240,8,5,1,0,3,2,4,10,10,0,3,5,1,52,8,0,0,4,5,36,9,1,2,2,4,0,0,1,1,0,2,0,2,0,32
241,8,6,1,1,3,4,1,14,7,2,1,1,0,45,11,3,2,1,0,34,1,1,1,0,0,0,1,0,0,2,2,0,1,0,39
242,20,7,2,1,6,6,2,31,13,0,2,7,6,48,21,0,2,5,1,62,5,0,1,2,0,0,3,1,2,3,1,0,2,1,54
243,8,5,1,3,2,0,4,8,5,2,3,1,5,0,5,0,2,1,0,29,1,1,0,0,0,3,1,2,0,0,2,2,0,0,9
244,17,10,2,3,3,5,3,12,5,2,0,3,5,15,2,1,2,2,0,25,5,1,0,0,0,1,0,0,0,2,2,1,1,0,3
245,9,5,1,1,0,3,2,1,4,0,2,0,0,6,10,0,0,3,0,26,12,1,2,1,0,2,2,0,2,1,0,1,2,1,25
246,8,6,1,1,0,1,0,11,4,0,0,4,0,25,11,1,0,3,0,10,6,1,0,1,0,0,2,2,2,3,0,2,1,2,12
247,5,5,1,1,1,7,1,14,9,2,0,1,0,3,7,1,0,1,0,16,0,1,1,0,0,1,2,0,3,3,0,2,2,1,15
248,8,6,1,3,3,8,3,12,4,0,3,3,0,44,4,1,1,2,0,8,4,2,2,0,0,3,2,1,2,0,0,0,1,2,7
249,11,4,1,1,1,7,1,1,4,0,0,1,0,31,7,0,0,1,0,5,12,2,1,0,0,0,1,2,0,1,0,0,0,1,4
250,9,5,0,1,1,1,4,17,5,2,0,1,5,4,4,2,2,2,0,4,4,1,0,0,0,3,0,1,2,2,3,2,2,0,3
251,5,4,1,0,3,5,3,12,0,0,3,5,1,12,3,0,2,4,0,63,8,1,1,2,0,2,0,2,2,3,0,2,1,1,33
252,1,1,0,1,1,5,1,6,2,0,0,1,5,2,1,1,0,2,0,10,0,1,0,0,0,0,2,0,3,1,2,2,2,1,9
253,2,0,0,3,2,0,4,6,2,2,0,1,0,18,2,1,1,1,0,6,2,1,0,0,0,1,0,0,3,0,0,1,2,0,31
254,7,4,1,1,2,5,2,15,4,0,0,1,0,10,0,0,0,1,0,22,2,1,0,0,0,2,1,0,2,2,2,1,2,2,21
255,2,1,0,1,4,3,0,5,3,0,2,4,7,47,10,0,0,0,5,58,6,0,1,0,0,1,3,2,0,0,0,2,0,2,49
256,8,3,2,2,0,1,4,14,6,3,2,4,2,45,5,0,2,0,0,0,1,0,0,0,0,1,2,3,2,2,2,1,0,0,0
257,7,1,3,2,3,2,4,0,4,3,0,5,4,57,13,0,0,4,0,12,8,1,0,2,0,3,1,2,3,1,3,2,1,1,11
258,4,10,1,1,5,6,2,25,4,3,0,5,4,58,8,2,2,4,3,64,15,1,1,2,0,0,3,1,0,0,3,0,2,0,55
259,9,5,1,1,0,4,2,6,3,2,3,4,0,2,7,0,1,0,0,33,1,1,1,0,0,0,2,2,1,1,0,2,0,1,31
260,10,3,3,1,6,6,2,28,12,0,1,7,6,59,14,2,1,5,5,65,10,1,2,2,7,1,3,0,0,1,2,1,2,1,56
261,2,1,0,3,1,7,1,2,2,2,0,3,2,20,4,1,1,2,1,33,12,0,2,0,2,3,3,0,1,0,2,0,1,2,31
262,17,10,1,1,6,6,0,10,0,2,1,6,3,58,17,1,0,4,0,64,15,1,2,2,0,2,1,0,2,1,0,1,1,1,27
263,13,14,0,1,7,6,3,35,15,0,0,7,3,34,14,1,2,5,5,27,10,1,1,2,0,0,1,0,1,2,0,0,2,2,26
264,14,11,0,3,4,3,0,33,9,2,2,4,1,30,5,0,0,0,0,31,2,1,1,0,0,3,3,0,2,1,1,0,2,2,29
265,11,5,2,1,4,7,0,8,2,0,2,4,0,5,16,0,2,0,0,10,5,1,0,0,0,3,2,3,3,3,3,0,0,1,12
266,5,5,1,3,0,0,0,22,7,2,1,4,4,45,0,0,2,0,6,50,6,0,0,0,5,3,3,0,1,2,2,0,0,0,8
267,7,1,0,1,1,4,4,0,2,0,0,1,0,7,1,0,0,1,0,5,0,0,1,0,0,1,2,0,1,3,0,1,2,1,4
268,11,4,0,3,4,8,2,0,3,2,2,0,4,3,0,1,2,0,7,16,0,1,0,0,8,1,3,2,1,3,2,2,0,1,15
269,2,1,1,1,4,3,2,22,9,2,0,4,4,60,6,3,2,0,0,58,1,0,2,0,0,1,3,3,2,2,1,0,0,0,49
270,4,10,1,3,6,6,1,21,10,0,0,6,7,58,4,0,1,4,6,45,10,1,0,2,4,1,2,3,1,0,2,2,0,0,42
271,11,5,1,1,2,2,2,0,5,2,0,2,3,6,11,3,0,1,3,16,4,1,0,0,0,3,2,0,2,3,3,0,1,2,15
272,10,3,2,1,2,1,2,19,5,2,2,2,5,7,1,1,1,1,0,13,2,1,0,0,1,1,1,2,0,1,2,2,0,2,17
273,9,5,0,1,5,2,1,10,1,0,0,5,0,43,19,1,0,4,0,35,15,1,0,2,0,0,2,0,3,1,0,0,2,2,36
274,11,5,1,1,1,5,4,1,4,0,2,1,0,15,1,2,0,1,0,1,4,1,0,0,0,2,0,3,3,1,2,2,0,1,1
275,7,1,1,1,1,8,1,5,3,2,1,1,0,3,2,1,0,1,0,3,2,1,0,0,0,3,2,0,0,1,0,0,2,2,12
276,8,6,0,0,6,6,4,10,8,2,0,6,4,61,20,0,2,5,3,66,9,1,0,2,0,2,1,0,2,0,1,1,1,2,57
277,8,6,1,1,2,4,4,8,5,0,2,2,0,25,7,1,0,1,0,7,6,2,2,0,0,2,1,1,2,3,2,1,2,2,6
278,6,0,3,0,1,5,2,27,3,2,0,1,0,29,0,0,0,1,0,26,0,1,0,0,0,2,0,1,0,1,0,1,0,2,46
279,16,1,0,1,0,7,2,15,2,0,0,2,0,18,7,1,2,1,0,29,12,1,0,0,0,0,2,1,2,0,3,2,2,2,15
280,7,4,1,1,2,0,2,24,10,0,2,6,6,54,21,1,2,5,5,36,15,1,0,2,0,1,3,1,0,3,1,2,2,2,32
281,17,10,2,1,1,7,1,29,0,0,2,1,0,36,1,2,0,1,0,54,12,1,1,0,0,2,0,2,1,0,1,1,0,0,47
282,0,11,0,1,0,1,2,14,4,0,2,0,0,17,7,1,0,3,0,7,4,1,2,1,0,2,2,0,2,2,0,2,1,2,6
283,7,1,1,1,2,3,4,23,6,2,0,4,0,47,10,0,2,0,0,53,1,1,1,0,0,2,2,1,0,3,3,2,1,2,46
284,9,6,0,2,3,0,3,17,4,2,2,3,0,41,3,1,0,2,0,6,12,0,1,0,0,2,1,0,0,2,3,1,2,0,5
285,8,6,1,1,5,2,3,17,4,2,2,5,2,32,17,1,0,4,0,56,15,0,0,2,0,3,2,3,2,0,0,0,0,2,48
286,9,5,1,1,0,0,0,8,2,0,0,2,0,25,7,1,2,0,0,33,1,0,0,0,0,2,1,1,3,3,1,1,2,1,31
287,11,5,1,3,0,3,2,1,4,0,0,4,0,5,16,0,0,3,0,47,7,0,1,1,0,3,0,2,1,3,0,0,0,2,44
288,11,4,0,1,3,0,1,0,3,2,1,3,1,15,9,1,0,2,0,54,4,0,1,0,0,1,1,0,3,1,1,1,2,1,47
289,16,4,1,1,0,8,2,15,5,2,0,2,0,0,5,1,0,0,0,16,4,1,1,0,0,2,2,1,1,3,2,1,1,2,15
290,24,14,1,1,7,6,4,31,13,2,1,7,4,34,14,1,2,5,2,27,9,1,0,2,0,1,2,3,0,1,0,1,0,2,26
291,16,4,1,0,1,3,4,1,0,0,0,3,0,8,1,3,0,2,0,8,2,1,0,0,0,2,0,2,2,0,2,2,0,0,7
292,7,1,1,1,0,7,2,0,2,2,2,2,0,21,15,1,0,1,0,13,5,1,2,0,0,3,1,1,2,1,0,0,2,2,5
293,11,4,0,3,2,3,4,2,3,2,2,2,5,3,15,0,1,1,0,2,5,0,0,0,0,3,1,0,0,0,2,0,0,0,2
294,9,5,1,2,1,1,1,32,11,1,2,5,6,27,8,1,2,4,1,67,11,2,2,2,0,1,3,1,2,3,1,2,2,1,28
295,25,15,3,1,0,1,4,33,5,2,2,4,0,55,0,1,2,0,0,0,5,1,2,0,0,3,0,0,0,1,0,0,2,2,0
296,0,2,3,1,3,1,3,27,5,2,1,3,3,17,1,0,2,2,1,43,9,1,0,2,5,0,3,3,1,3,2,0,0,1,24
297,7,1,1,2,2,8,4,2,5,2,3,4,0,3,7,1,0,1,0,16,12,0,0,0,0,0,1,2,3,2,3,0,1,2,15
298,9,6,1,1,3,4,3,17,4,2,3,3,0,12,3,0,0,2,0,51,2,0,2,0,0,2,0,2,0,0,1,1,0,0,40
299,6,0,0,1,2,3,4,15,0,0,2,1,0,8,2,2,2,1,0,21,4,1,1,0,0,2,1,1,2,3,0,0,2,1,47
300,10,3,2,2,3,6,0,24,8,2,0,6,6,61,14,0,1,5,8,67,3,0,1,2,5,1,3,2,1,1,1,1,1,2,28
301,10,3,1,1,5,6,4,24,8,2,0,5,8,24,23,0,0,5,8,39,9,0,2,2,6,0,3,1,1,3,3,0,1,1,34
302,6,2,0,2,2,0,1,6,4,0,1,2,0,21,7,1,1,0,0,33,5,0,0,0,0,0,0,0,1,1,3,0,1,2,31
303,10,3,2,3,0,1,4,24,0,0,0,4,0,41,15,0,0,0,0,18,1,0,1,0,0,3,0,1,2,1,3,2,2,2,18
304,7,4,1,2,2,3,4,2,5,2,2,4,0,21,7,2,0,0,0,13,3,1,2,0,0,1,0,1,0,3,3,1,2,0,17
305,5,4,1,1,0,3,2,14,6,2,3,0,0,46,11,0,1,3,0,68,17,0,1,1,0,1,0,1,1,3,1,2,2,2,58
306,16,4,3,1,3,4,3,8,4,0,0,3,0,6,5,0,0,1,0,32,1,2,0,0,0,2,1,1,3,3,2,1,2,2,6
307,20,7,1,1,6,6,3,16,10,2,3,6,3,27,4,1,2,4,6,67,9,0,0,2,5,2,2,2,1,3,3,2,0,1,28
308,7,4,1,0,0,0,2,18,3,2,1,2,5,25,3,1,1,1,0,16,6,2,2,0,2,2,1,0,2,1,2,1,2,1,15
309,8,6,1,3,1,4,1,17,2,2,0,1,0,18,15,0,0,1,0,2,0,0,0,0,0,3,2,3,2,3,2,0,0,1,2
310,16,4,1,3,0,3,0,6,3,2,0,2,0,6,11,0,0,0,0,42,0,1,0,0,0,1,0,1,2,0,0,1,1,0,39
311,3,6,1,3,3,2,4,36,1,0,3,6,6,33,17,0,0,4,1,36,9,1,2,2,0,1,3,1,2,1,0,2,2,1,38
312,11,4,0,3,0,1,2,6,3,2,3,4,1,3,0,1,0,0,5,33,2,0,0,0,0,1,0,1,1,3,0,1,1,2,31
313,12,11,0,0,1,1,1,22,5,2,3,1,0,7,9,2,1,2,0,33,4,0,1,0,0,2,0,1,1,1,1,2,1,1,31
314,5,4,2,0,0,5,0,2,3,2,0,0,0,5,5,0,0,0,0,47,6,0,0,1,0,0,0,1,2,1,0,0,1,2,44
315,10,3,1,1,3,8,3,17,5,2,0,3,0,57,9,1,1,2,0,21,7,0,1,0,0,1,0,3,2,0,2,2,0,0,17
316,16,4,1,0,1,8,1,5,9,2,0,1,0,3,7,1,0,1,0,2,1,1,1,0,0,2,0,0,1,0,3,1,2,0,2
317,2,1,0,3,0,3,0,18,5,2,0,2,0,5,0,0,2,1,0,53,0,0,0,0,0,3,2,1,3,3,1,0,0,1,46
318,7,1,0,2,0,1,2,15,4,0,2,4,0,10,15,0,0,0,0,29,4,1,0,0,0,2,2,1,2,1,1,1,2,2,9
319,10,3,2,1,3,7,3,11,0,0,2,3,2,41,1,0,0,2,0,43,2,1,1,0,0,3,3,3,3,3,3,0,0,1,37
320,1,0,1,1,0,1,0,27,5,0,0,2,7,45,11,1,0,0,3,53,4,2,0,0,1,1,3,0,3,0,2,2,2,2,46
321,16,4,1,1,1,1,1,6,2,0,0,1,0,2,1,2,0,1,0,10,0,2,0,0,1,2,2,1,0,1,2,1,1,1,12
322,4,10,2,1,0,3,2,24,4,0,3,0,0,1,0,1,0,0,0,33,0,1,0,0,0,1,0,1,0,3,0,1,2,2,31
323,8,6,1,3,3,8,3,1,2,0,2,3,0,25,15,0,0,2,0,33,1,0,1,0,0,1,1,0,0,3,2,1,2,1,31
324,7,0,0,1,1,5,1,19,8,1,1,1,0,25,15,3,2,2,0,29,6,2,1,0,0,0,0,3,3,3,1,0,0,1,9
325,1,2,0,1,2,7,4,5,5,2,3,2,5,5,15,1,2,1,0,37,12,0,1,0,0,0,3,2,2,2,1,0,0,2,29
326,1,0,0,2,1,4,1,0,2,2,0,1,0,10,15,0,0,1,0,16,0,0,0,0,0,1,2,2,1,3,3,1,0,1,15
327,9,6,1,1,3,2,4,0,3,2,0,3,1,25,1,0,2,2,0,22,4,2,1,0,0,2,1,0,3,0,1,1,1,0,21
328,11,5,1,1,2,8,4,17,2,2,3,2,0,20,7,2,2,1,0,54,1,0,1,0,0,2,1,1,3,3,0,1,1,0,47
329,16,1,1,3,0,5,2,0,2,2,3,1,7,17,0,1,1,1,0,3,2,0,1,0,0,1,3,2,2,3,3,0,0,1,12
330,7,0,3,1,3,2,1,8,0,0,0,3,2,15,4,0,1,2,0,54,1,2,2,0,0,2,2,1,0,0,0,1,2,2,47
331,8,6,2,1,2,4,1,15,3,2,0,1,0,18,7,1,0,1,0,21,2,0,1,0,0,0,1,1,1,3,2,0,2,1,47
332,8,5,1,1,1,5,2,4,0,0,0,2,0,41,1,1,2,1,0,13,0,0,1,0,0,0,0,2,1,3,3,0,0,2,17
333,5,4,1,1,3,1,3,0,3,2,2,1,1,1,3,0,1,2,2,54,1,1,0,0,6,0,1,0,1,1,2,0,1,1,47
334,9,5,1,2,1,5,2,37,13,2,0,7,6,62,14,1,1,5,7,27,9,0,0,2,2,1,3,3,1,1,3,1,1,2,26
335,9,5,2,1,2,5,4,12,4,0,0,1,5,15,1,1,1,1,3,25,5,1,2,0,0,2,2,0,1,1,0,1,1,1,3
336,11,5,1,1,1,0,1,11,0,0,2,1,0,4,3,2,2,2,0,25,1,0,0,0,0,0,0,1,1,2,3,0,2,0,24
337,10,6,1,3,3,2,1,37,13,0,2,7,6,26,14,0,1,5,4,27,9,0,2,2,7,1,3,1,0,1,3,1,1,1,26
338,16,1,1,2,1,1,1,17,0,0,2,1,5,18,0,0,1,1,0,33,1,2,1,0,0,0,0,3,3,0,1,0,1,2,31
339,18,11,0,1,2,0,2,3,5,2,2,2,3,6,1,1,1,1,0,16,1,1,0,0,0,2,3,0,2,1,2,1,1,1,15
340,5,4,1,1,1,1,4,14,9,2,1,1,5,7,4,1,0,2,2,2,12,0,1,0,0,2,2,0,1,2,3,0,2,0,2
341,2,1,0,2,1,3,1,0,4,0,2,1,7,1,4,1,0,2,3,1,1,0,1,0,0,1,3,0,0,1,0,2,1,1,1
342,17,10,2,1,5,6,2,4,4,2,0,5,1,33,12,2,0,4,0,28,15,1,0,2,0,2,0,3,0,1,2,0,0,1,27
343,14,8,0,0,0,4,2,7,3,2,2,2,0,29,7,0,0,1,0,53,12,0,1,0,0,0,2,1,3,2,1,2,2,2,46
344,16,4,1,1,2,4,2,7,7,3,0,2,0,45,0,0,0,1,0,50,7,0,1,0,0,0,0,3,1,3,1,0,0,1,35
345,2,1,3,1,1,2,2,5,3,2,0,1,2,18,2,1,0,1,0,10,0,1,0,0,0,2,1,1,0,3,0,2,2,2,12
346,2,1,0,1,0,7,2,22,3,0,0,2,0,5,15,0,0,1,0,16,1,1,2,0,0,2,2,1,2,1,0,2,2,1,15
347,11,5,1,3,1,1,1,15,5,0,1,1,5,2,15,1,0,1,0,22,2,2,1,0,0,1,0,3,1,1,1,0,0,2,21
348,4,3,1,2,5,5,3,36,8,0,0,5,1,33,9,0,0,2,0,48,2,1,0,0,0,2,2,0,1,3,1,1,1,2,45
349,9,5,1,3,2,1,4,1,4,0,0,1,1,18,0,1,2,1,0,33,1,0,0,0,0,3,2,0,2,0,3,2,1,0,31
350,2,0,0,1,1,5,1,18,5,0,0,1,0,25,3,1,0,1,0,33,4,0,0,0,0,2,2,1,3,3,1,1,1,1,31
351,6,2,1,0,0,4,2,27,5,2,0,2,0,0,7,0,0,1,0,16,1,1,1,0,0,2,3,0,2,0,0,1,2,0,15
352,11,4,1,1,0,7,2,14,6,2,1,4,0,0,0,0,0,3,0,22,5,1,0,0,0,2,1,3,0,1,3,2,0,2,21
353,3,10,2,1,0,4,2,12,2,0,0,4,0,7,0,1,2,0,0,22,0,2,0,0,0,3,1,2,2,1,1,0,0,2,21
354,7,1,1,1,1,4,1,19,0,0,0,1,0,10,11,0,2,1,0,3,1,2,1,0,0,3,3,0,3,3,1,0,1,1,12
355,8,6,0,0,5,2,3,10,1,0,2,5,2,33,8,1,0,4,7,43,6,0,1,0,0,2,1,1,1,2,3,1,2,0,24
356,11,6,0,1,5,6,2,16,14,2,2,7,6,48,14,0,0,5,3,19,8,1,2,2,0,0,3,3,2,2,1,0,1,0,56
357,8,3,2,1,2,5,2,19,5,0,0,2,5,2,15,0,0,1,0,13,2,1,1,0,0,1,0,2,2,3,0,1,1,1,17
358,18,11,0,1,4,4,0,22,5,2,2,4,0,55,11,0,2,3,0,69,7,0,0,1,0,3,2,0,2,1,0,0,0,1,59
359,8,6,1,1,5,2,1,19,2,2,0,5,5,31,3,1,2,2,0,43,3,1,0,0,0,3,0,1,0,0,3,0,1,0,24
360,10,3,2,1,2,7,1,11,4,0,2,2,0,8,15,1,0,0,0,6,0,0,1,0,0,3,1,1,2,0,2,0,2,2,31
361,8,6,1,1,3,2,1,4,0,2,0,6,6,28,13,0,1,4,3,70,9,0,0,2,0,0,3,0,2,1,1,0,2,1,60
362,16,4,0,3,2,3,2,8,4,0,3,2,0,29,16,3,1,1,0,31,6,0,1,0,0,3,0,1,3,1,0,2,1,1,22
363,9,5,1,1,2,0,1,14,6,2,0,2,2,21,1,0,0,1,0,5,2,0,0,0,0,0,3,1,0,2,1,0,2,0,4
364,23,13,3,1,0,3,2,9,5,0,2,4,0,63,5,1,0,0,0,23,1,0,0,0,0,2,1,2,3,3,2,2,0,1,35
365,0,0,3,1,3,8,3,18,4,2,2,3,0,0,15,3,0,2,3,32,0,1,0,0,0,2,0,1,1,2,0,1,2,2,0
366,7,1,1,1,2,1,4,27,9,2,0,2,0,3,1,1,0,1,0,5,1,2,2,0,0,2,0,0,0,0,3,1,2,0,4
367,1,0,0,1,1,4,1,15,0,0,2,1,0,10,15,0,0,1,0,10,4,1,0,0,0,0,1,2,2,3,0,0,1,1,12
368,17,7,1,3,6,6,0,34,10,0,0,6,2,53,12,0,0,4,2,17,9,0,2,2,0,3,0,1,0,1,3,0,2,2,16
369,11,5,1,2,1,4,1,6,3,2,0,1,0,25,1,0,0,1,0,5,4,0,1,0,0,1,0,3,3,1,0,2,0,0,4
370,21,16,1,2,7,6,2,31,13,2,0,7,0,26,18,1,0,5,0,27,9,1,0,2,0,0,0,0,3,1,1,0,2,1,26
371,8,6,1,1,3,5,3,12,0,2,3,3,1,12,3,1,1,2,0,25,5,1,1,0,0,2,2,2,2,0,3,1,0,0,24
372,4,3,1,2,5,3,3,32,1,0,0,5,0,51,17,0,1,4,0,67,9,2,0,2,0,2,1,2,1,0,2,2,0,2,28
373,5,5,1,1,2,3,2,2,3,2,0,2,5,10,7,1,0,1,0,33,2,1,1,0,0,1,0,3,0,3,2,1,0,1,21
374,2,1,0,0,3,8,3,18,5,2,0,3,0,20,4,1,0,2,0,54,5,1,0,0,1,0,1,3,3,0,2,0,0,0,47
375,3,3,2,2,4,7,0,12,2,0,2,0,2,8,15,1,0,6,0,3,6,1,1,1,0,1,3,2,3,2,2,0,0,0,2
376,11,5,0,2,1,7,1,19,4,0,2,3,0,1,1,1,2,2,0,43,3,1,2,0,0,2,1,1,0,3,0,2,2,1,37
377,11,5,1,1,1,2,2,15,5,2,0,3,3,15,4,1,0,2,6,54,1,0,2,0,0,1,1,2,1,2,3,2,0,0,47
378,11,5,1,1,1,2,4,6,3,2,0,1,0,6,5,0,0,1,0,7,4,0,0,0,0,0,1,1,2,0,3,0,2,2,6
379,3,10,2,1,2,0,4,8,3,3,0,2,5,25,7,1,2,1,1,22,4,1,1,0,0,1,1,1,1,0,0,1,2,0,21
380,1,0,3,2,2,3,2,19,8,1,2,2,0,31,2,2,0,1,0,8,5,0,0,0,0,0,2,0,1,2,1,0,1,2,7
381,1,2,0,2,4,3,2,27,3,2,0,4,0,9,10,0,2,0,0,69,6,0,0,1,0,2,0,0,0,3,0,2,1,1,59
382,2,1,1,1,1,1,4,15,4,0,3,3,5,21,0,3,0,2,5,29,0,0,2,0,5,3,2,1,1,0,1,0,2,0,9
383,0,2,0,1,0,3,2,23,9,2,1,4,0,45,15,1,0,0,0,53,0,0,1,0,0,2,0,0,1,2,0,2,1,0,46
384,3,10,2,1,3,2,4,10,8,1,3,3,5,64,9,1,1,2,0,63,4,0,0,0,0,0,1,1,0,0,2,0,2,2,53
385,1,2,3,2,2,0,2,2,2,0,0,2,0,6,11,0,2,0,0,16,4,1,1,0,0,0,2,2,0,3,2,0,0,1,15
386,11,5,1,1,2,2,0,15,5,2,2,1,5,7,7,2,2,1,0,10,12,1,0,0,0,2,1,0,3,2,2,1,1,0,12
387,13,7,1,0,6,6,1,16,10,0,0,6,4,53,12,1,2,4,0,41,15,0,1,2,0,0,1,3,0,2,1,2,0,2,38
388,8,6,1,2,2,7,1,8,3,2,2,2,0,3,0,0,0,1,0,6,5,1,2,0,2,2,1,3,0,1,2,1,0,1,5
389,18,11,3,2,2,0,4,9,3,2,2,2,1,45,15,1,2,1,3,32,5,2,1,0,0,1,1,0,1,1,1,1,2,1,0
390,5,4,1,1,1,0,4,14,9,3,2,1,1,6,0,1,0,1,0,32,0,1,0,0,0,1,1,1,0,2,0,2,1,0,0
391,23,8,3,1,0,3,2,38,16,3,0,4,1,65,15,1,2,0,0,69,4,0,1,0,0,0,3,1,2,0,1,0,2,2,59
392,2,1,1,2,2,5,2,18,5,2,0,4,1,0,0,0,0,0,0,29,4,0,2,0,0,3,2,1,2,2,1,2,0,0,9
393,2,0,1,0,0,0,2,18,3,2,0,2,0,5,11,1,0,0,0,32,2,1,1,0,0,0,1,1,0,1,1,0,2,1,0
394,7,1,0,1,2,5,2,18,3,2,3,2,5,29,11,0,2,1,0,0,1,2,0,0,0,1,2,2,0,3,3,1,0,1,0
395,11,6,1,3,2,0,4,25,1,1,0,1,2,36,3,0,0,2,0,18,0,0,1,0,0,1,1,1,3,0,3,1,2,0,18
396,5,4,1,1,2,3,2,14,9,2,1,2,0,45,5,0,0,1,0,31,6,2,0,0,1,2,1,0,1,1,2,1,1,2,22
397,16,4,0,0,3,6,2,2,3,2,1,3,1,13,0,0,2,2,0,32,4,0,2,0,0,2,0,0,3,3,2,1,2,1,0
398,1,0,3,3,2,5,2,23,6,2,1,4,2,38,0,0,2,0,0,31,0,0,0,0,0,1,1,0,2,2,0,2,2,0,29
399,2,0,0,1,0,0,2,18,5,2,0,4,0,66,22,0,0,0,0,71,17,2,0,1,0,0,1,3,3,2,3,0,0,2,61
400,8,3,2,1,1,1,4,19,5,2,0,3,0,18,15,0,2,2,0,38,9,2,1,2,0,0,2,0,0,0,1,0,1,2,14
401,12,11,0,0,1,0,4,14,2,0,2,1,0,21,2,0,0,1,0,5,4,0,0,0,0,2,2,3,2,0,1,2,0,2,4
402,6,0,0,1,0,4,2,18,4,0,2,2,0,17,7,1,1,1,0,16,4,0,0,0,0,3,1,1,0,1,0,0,2,2,15
403,5,4,1,1,0,4,2,8,4,0,3,2,0,21,15,1,0,0,0,0,6,0,1,0,0,1,0,2,2,2,0,1,0,2,30
404,5,4,0,3,2,1,2,12,0,0,2,1,0,7,15,0,2,1,0,5,12,0,2,0,0,0,0,0,2,3,0,0,0,0,4
405,16,4,0,1,1,4,4,15,2,0,0,1,0,2,7,1,2,1,0,22,1,1,1,0,0,1,1,1,2,1,0,1,2,2,21
406,6,0,0,0,0,1,2,22,9,2,3,0,0,60,6,3,0,3,0,72,6,1,2,1,0,2,0,2,2,3,1,1,0,1,62
407,3,3,2,1,2,2,0,2,6,2,0,2,3,46,10,0,0,0,0,32,5,1,1,0,0,0,1,0,0,3,0,0,2,1,0
408,6,0,0,1,1,3,1,2,2,2,0,1,0,3,15,1,0,1,0,34,6,2,1,0,1,0,2,3,1,0,2,0,1,0,39
409,1,2,0,1,2,7,4,2,2,2,3,2,0,10,7,2,0,1,0,3,1,0,0,0,0,0,2,1,2,0,3,0,1,2,12
410,1,0,0,1,2,8,2,14,5,2,3,2,0,45,11,0,2,0,0,34,0,3,1,0,0,0,1,2,3,3,2,0,0,2,39
411,8,6,1,2,1,8,1,19,3,2,0,3,0,31,2,0,0,2,0,38,10,1,1,2,0,2,1,3,0,0,1,1,1,2,14
412,16,4,0,1,1,4,1,0,2,2,2,1,0,31,3,1,1,1,0,21,4,1,2,0,0,0,3,1,3,1,1,0,2,2,17
413,16,4,1,1,1,3,1,15,5,0,0,1,2,10,0,0,0,1,0,5,2,0,0,0,0,2,3,0,0,0,0,1,1,2,4
414,11,5,1,1,3,2,2,2,3,2,2,1,1,21,15,1,0,1,0,33,5,1,2,0,0,2,2,1,2,3,2,1,2,1,31
415,11,5,1,1,2,8,2,14,9,2,0,2,0,6,15,0,0,0,0,0,0,1,0,0,0,1,0,2,2,2,1,1,0,0,30
416,4,3,2,1,3,5,3,10,0,0,0,5,8,52,8,3,2,4,3,35,11,0,2,2,5,0,3,1,2,0,2,0,1,0,36
417,2,1,0,1,1,5,4,8,0,0,0,1,5,20,1,1,2,1,0,7,7,2,1,0,0,1,0,0,2,3,1,0,2,1,6
418,0,11,0,3,4,3,0,39,16,2,1,0,5,11,16,0,1,3,2,71,12,1,2,1,0,1,0,3,1,0,1,1,1,0,61
419,1,2,0,1,2,5,2,40,7,2,1,2,1,47,15,0,0,0,0,34,5,1,1,0,0,1,0,0,0,2,1,0,1,0,39
420,21,12,2,1,7,6,1,31,13,0,0,7,6,62,18,0,0,5,6,27,9,0,1,2,3,1,3,2,0,1,2,1,1,1,26
421,3,3,0,1,6,6,4,36,8,2,0,6,5,42,14,1,0,5,0,19,11,0,1,2,0,0,0,0,2,1,2,0,2,2,56
422,9,5,0,3,3,2,2,13,13,1,0,7,6,61,19,0,0,5,6,20,9,1,0,2,0,3,3,3,0,2,1,0,0,0,20
423,10,6,1,2,2,3,4,2,6,2,0,2,1,6,0,1,0,0,2,7,1,1,2,0,0,2,3,1,1,0,0,2,2,0,6
424,1,0,0,1,2,1,2,5,5,0,0,2,1,5,15,1,2,0,0,53,12,2,2,0,0,0,2,0,2,3,1,0,1,1,46
425,9,6,1,0,5,2,3,4,8,2,3,5,5,14,9,1,2,4,0,28,8,0,2,2,0,0,0,1,0,1,1,0,1,1,27
426,8,6,1,2,3,5,3,1,4,2,0,3,0,15,2,1,2,1,0,21,4,1,0,0,0,1,0,0,1,0,1,2,2,2,17
427,5,4,1,1,2,5,2,2,3,2,1,3,8,7,3,2,2,2,3,54,5,0,1,0,0,3,3,3,3,2,1,2,0,0,47
428,1,0,1,1,0,0,2,23,6,3,3,4,0,45,0,1,2,0,0,23,6,2,1,0,0,0,2,1,2,1,1,0,1,0,35
429,16,4,1,1,3,2,1,19,4,2,0,3,0,12,4,1,2,2,0,18,4,2,2,0,0,0,0,1,0,3,3,0,1,1,18
430,2,1,1,1,0,7,4,0,4,0,0,4,1,45,16,0,2,0,0,0,1,1,0,0,0,2,3,0,2,2,2,1,2,0,30
431,7,1,0,1,3,2,2,17,0,0,0,3,1,36,4,1,0,2,0,43,4,2,1,0,0,1,2,0,2,0,0,1,2,2,37
432,0,0,0,1,3,8,3,3,3,2,0,1,0,47,11,0,1,1,0,37,1,1,1,0,0,2,2,0,2,1,2,1,1,2,29
433,5,4,2,0,0,4,2,19,4,0,2,2,0,3,11,1,0,0,0,10,4,1,2,0,0,2,1,1,2,1,1,0,1,2,9
434,9,6,0,1,5,5,3,24,8,0,0,5,0,33,8,1,0,4,0,38,0,0,1,0,0,0,0,3,3,2,0,0,0,0,14
435,10,6,1,1,1,2,2,12,4,0,0,1,1,15,1,0,2,2,0,8,1,1,1,0,0,0,1,0,0,1,2,0,2,2,7
436,2,1,0,1,1,2,2,8,4,0,0,3,7,41,3,1,0,2,6,51,5,1,0,0,1,2,3,0,1,0,1,1,2,0,40
437,5,4,1,1,2,5,2,18,3,2,1,2,1,20,3,1,1,1,0,6,1,1,0,0,0,0,1,2,0,0,0,0,1,0,5
438,17,10,1,3,5,6,2,28,1,2,3,6,7,52,4,0,2,4,2,41,11,1,2,2,0,1,2,1,2,3,3,2,2,1,38
439,9,6,1,3,2,0,4,19,2,2,2,1,1,2,15,0,2,1,3,3,0,1,2,0,5,1,1,3,1,1,2,1,0,1,12
440,2,0,0,3,2,7,4,7,7,3,0,2,0,46,15,0,0,1,0,26,0,0,0,0,0,3,1,0,1,3,2,0,2,2,46
441,16,4,1,1,2,0,4,19,4,0,0,2,5,7,7,2,0,0,0,18,5,1,0,0,0,2,0,3,2,3,0,1,1,1,18
442,17,10,0,3,6,2,3,41,15,2,0,7,6,56,21,1,0,5,0,24,9,1,1,2,0,1,3,0,2,0,0,1,2,0,23
443,10,3,1,1,1,7,1,4,0,0,0,1,0,1,15,0,0,1,0,54,4,2,0,0,0,1,2,0,3,2,1,1,2,2,47
444,10,3,1,1,3,0,3,8,5,0,1,3,0,15,3,1,2,2,0,56,9,0,2,2,0,3,0,0,3,0,2,0,2,0,48
445,9,5,0,1,3,4,1,12,4,0,0,3,0,12,2,1,1,2,0,21,12,0,0,0,0,2,0,0,2,0,0,1,1,0,17
446,9,5,1,1,1,5,4,1,4,0,3,1,5,15,1,0,0,1,0,21,4,0,2,0,0,0,2,2,3,0,1,0,0,2,17
447,10,3,2,1,0,7,0,19,5,2,1,4,0,25,7,1,0,0,0,13,1,1,2,0,0,1,1,0,0,2,0,0,2,0,17
448,7,1,0,2,3,2,2,12,1,0,2,6,6,67,23,1,1,5,3,17,9,0,1,2,0,3,3,1,2,1,1,0,2,1,16
449,7,4,1,1,2,5,0,19,0,2,2,5,6,32,8,2,2,4,8,56,15,1,0,2,6,3,3,1,1,3,1,2,1,2,48
450,9,5,2,1,1,8,1,19,5,2,2,1,4,8,7,1,1,1,6,21,1,1,2,0,7,3,3,2,1,1,2,0,0,2,47
451,5,5,1,1,2,4,2,7,16,3,0,2,0,55,0,0,0,1,0,37,0,2,0,0,0,1,1,0,0,0,3,1,0,2,29
452,1,0,3,1,0,7,4,18,2,0,3,4,0,45,11,0,2,0,0,34,4,1,0,0,0,2,3,3,0,1,1,2,0,1,39
453,6,0,1,1,1,2,4,15,0,0,2,1,2,25,1,0,1,2,0,33,4,0,2,0,0,0,1,0,2,1,2,0,2,1,21
454,8,6,2,1,0,7,2,15,3,2,2,0,0,13,16,3,0,3,0,73,17,2,0,1,0,1,1,0,0,2,1,2,2,2,59
455,5,5,1,1,1,7,1,0,2,2,2,1,0,47,22,3,2,1,0,34,2,0,1,0,2,3,1,0,3,1,2,0,2,2,39
456,16,4,0,1,5,6,2,17,8,0,0,5,1,32,8,0,1,4,0,74,9,1,1,2,0,2,2,0,3,1,3,1,2,1,63
457,6,0,0,1,2,3,2,27,5,0,2,2,0,5,0,0,0,0,0,10,3,1,0,0,0,1,0,0,2,1,0,1,0,2,12
458,5,4,1,1,0,0,2,14,9,2,0,2,7,13,0,1,2,1,5,2,5,0,2,0,0,3,3,2,3,2,3,0,0,2,4
459,0,2,1,1,4,7,2,27,5,0,2,0,0,5,0,0,2,3,0,47,12,0,2,1,0,2,1,3,0,2,1,2,0,0,44
460,16,1,0,3,0,4,2,6,5,0,2,4,0,25,1,1,0,0,0,6,4,1,0,0,0,3,1,1,1,1,0,0,2,1,5
461,11,5,1,0,4,8,0,17,4,0,0,4,0,7,15,0,0,0,0,6,1,0,0,0,0,2,0,1,0,1,0,1,2,1,5
462,5,4,1,1,0,8,2,19,4,0,0,0,1,18,15,1,1,3,0,10,0,1,1,1,0,0,3,2,2,0,2,0,0,0,12
463,5,4,0,3,2,7,2,0,5,2,3,2,4,7,1,0,1,1,7,13,2,0,2,0,6,1,3,2,1,1,3,1,0,1,5
464,11,5,1,1,0,1,2,27,6,2,0,4,1,29,0,0,0,0,0,32,1,0,1,0,0,2,2,1,0,0,3,2,1,0,0
465,3,3,1,1,3,3,3,4,0,2,2,5,7,14,9,0,1,4,4,14,15,0,1,2,2,1,3,1,1,1,3,1,0,1,13
466,2,1,1,2,4,8,2,8,4,0,0,4,0,18,15,0,0,0,0,21,2,1,1,0,0,0,0,0,2,2,2,0,1,0,17
467,9,6,1,3,1,5,1,19,2,0,0,1,1,25,15,0,0,1,0,21,2,1,2,0,0,1,0,0,2,2,2,1,2,0,17
468,11,5,1,1,3,7,3,17,4,0,2,3,0,41,3,0,1,2,0,1,4,0,1,0,0,0,2,0,1,0,1,0,2,0,1
469,11,4,0,1,3,3,1,1,4,0,0,3,0,41,2,3,0,2,0,3,16,0,1,0,0,0,2,0,0,0,2,0,2,0,12
470,8,6,1,2,3,8,3,19,5,2,0,3,0,7,7,1,1,1,0,21,1,1,0,0,0,1,0,3,2,1,1,1,1,1,17
471,1,0,1,1,4,0,0,33,7,2,0,0,5,63,10,0,0,3,0,75,7,0,1,1,0,0,1,1,2,3,0,0,2,2,58
472,14,8,3,1,2,4,4,14,0,0,3,1,0,0,15,1,2,1,0,16,4,1,0,0,0,0,2,1,3,1,0,0,2,2,15
473,21,12,3,0,7,6,2,31,13,3,3,7,1,34,14,1,0,5,0,24,8,0,0,2,0,2,2,2,0,2,0,1,1,0,23
474,7,1,1,0,3,2,4,17,8,0,0,5,8,36,9,2,1,2,5,38,5,1,0,0,1,2,3,2,0,1,3,1,0,2,14
475,5,4,1,1,0,3,2,12,0,0,0,2,3,4,3,1,0,1,0,4,1,0,0,0,0,2,3,0,3,3,0,2,1,1,7
476,10,3,2,1,1,3,1,6,9,2,0,1,0,8,3,1,1,2,0,22,12,0,0,0,0,0,1,0,3,0,1,0,1,2,21
477,3,3,2,2,2,1,4,15,9,2,2,2,3,18,7,1,2,0,0,22,1,1,1,0,0,2,3,0,3,2,1,2,2,2,21
478,20,9,2,2,5,2,1,10,4,2,1,5,0,33,17,1,0,4,0,76,11,0,2,2,0,2,0,3,3,2,3,1,0,0,64
479,3,6,1,3,2,0,4,19,5,2,2,2,5,25,15,2,2,0,0,6,1,0,2,0,0,3,1,0,2,0,1,2,2,0,5
480,16,4,1,0,1,3,1,12,0,0,2,2,0,31,1,0,2,1,0,13,4,0,0,0,0,2,0,0,1,2,3,1,2,0,17
481,8,6,1,1,3,6,4,25,8,0,2,3,1,4,2,1,2,2,0,4,4,2,1,0,0,2,1,1,2,1,1,1,1,2,7
482,3,3,1,1,5,6,2,24,8,0,0,5,1,51,19,1,0,4,0,30,9,0,2,2,0,2,2,0,0,2,1,1,2,2,65
483,8,6,1,3,1,1,1,15,9,2,0,1,5,3,0,3,1,1,0,13,5,1,0,0,0,1,2,1,0,1,0,1,2,1,17
484,6,0,0,1,2,0,2,14,5,2,3,2,5,46,5,0,0,1,0,47,0,0,0,0,0,0,0,1,2,0,3,0,2,0,44
485,1,0,1,0,0,7,2,27,3,2,1,2,5,3,2,1,2,1,0,32,12,0,0,0,0,0,3,3,2,0,0,0,0,0,0
486,5,4,1,2,0,3,0,22,6,2,1,2,0,5,7,0,1,0,0,7,2,1,1,0,0,3,1,0,2,0,0,0,1,0,6
487,7,1,0,3,2,7,1,1,8,1,0,4,3,1,7,1,1,1,7,18,2,0,1,0,5,3,3,0,1,1,1,2,2,1,18
488,7,1,1,1,0,0,4,17,8,1,3,4,0,0,10,0,0,0,0,42,12,0,1,0,0,0,1,1,1,3,2,0,1,2,39
489,16,4,0,1,0,4,4,15,2,0,1,2,0,3,0,0,1,1,0,3,4,1,1,0,0,1,2,0,2,0,2,1,0,0,12
490,5,4,1,1,4,0,0,5,9,2,3,4,3,17,1,1,1,0,0,10,1,1,1,0,0,1,3,1,2,0,0,1,1,0,12
491,3,6,1,2,3,6,2,4,4,2,0,5,4,39,9,1,0,4,3,76,9,0,1,2,0,3,1,3,3,2,3,0,0,0,64
492,11,5,0,2,1,0,4,2,3,2,1,3,7,25,1,0,0,2,1,5,4,1,0,0,0,2,3,0,0,3,3,0,2,1,4
493,16,4,0,1,3,7,3,1,8,0,3,3,0,31,2,2,1,2,0,4,5,1,0,0,0,0,1,1,0,0,0,0,1,2,7
494,16,1,1,1,2,1,2,0,5,0,0,2,2,25,1,1,1,1,6,2,4,0,1,0,8,3,1,1,1,1,2,0,1,2,2
495,7,1,0,1,0,1,2,5,9,2,2,0,3,3,7,2,0,6,3,32,12,0,0,1,0,2,3,1,0,0,0,1,1,0,0
496,3,3,1,1,3,1,3,24,0,0,2,3,0,31,15,1,2,1,0,43,3,1,0,0,0,2,0,2,3,1,3,2,1,1,37
497,9,6,0,1,5,6,0,36,11,2,2,6,6,22,24,2,0,5,8,57,10,0,0,2,5,3,3,0,1,1,1,2,1,2,50
498,1,0,0,1,2,8,4,27,3,3,2,2,0,47,5,1,2,0,0,53,1,1,2,0,0,0,0,1,3,3,0,0,2,2,46
499,9,6,1,2,4,4,2,14,6,2,1,4,0,0,0,0,1,0,0,34,6,0,1,1,0,3,3,0,0,0,3,0,2,0,25
500,5,4,0,1,3,0,1,1,0,2,0,3,3,4,4,0,1,2,3,18,0,0,0,0,0,2,3,0,0,1,3,1,1,2,18
